﻿<parameters>
  <parameter name="IIS Web Application Name" defaultValue="Default/NTTG3" tags="IisApp">
    <parameterEntry kind="ProviderPath" scope="IisApp" match="^E:\\Borrar\\NTTHTML5_02222016\\obj\\Debug\\Package\\PackageTmp$" />
    <parameterEntry kind="ProviderPath" scope="setAcl" match="^E:\\Borrar\\NTTHTML5_02222016\\obj\\Debug\\Package\\PackageTmp$" />
  </parameter>
  <parameter name="Add write permission to App_Data Folder" description="Add write permission to App_Data folder" defaultValue="{IIS Web Application Name}/App_Data" tags="Hidden">
    <parameterEntry kind="ProviderPath" scope="setAcl" match="^E:\\Borrar\\NTTHTML5_02222016\\obj\\Debug\\Package\\PackageTmp\\App_Data$" />
  </parameter>
  <parameter name="SSURGO_SOILDBConnectionString-Deployment Connection String" defaultValue="" tags="SqlConnectionString">
    <parameterEntry kind="ProviderPath" scope="dbFullSql" match="^E:\\Borrar\\NTTHTML5_02222016\\obj\\Debug\\AutoScripts\\SSURGO_SOILDBConnectionString-Deployment_SchemaOnly\.sql$" />
  </parameter>
  <parameter name="NTTDBConnectionString-Web.config Connection String" description="NTTDBConnectionString Connection String used in web.config by the application to access the database." defaultValue="Data Source=T-NN\SQLEXPRESS;Initial Catalog=NTTDB;Persist Security Info=True;User ID=sa;Password=pass$word" tags="SqlConnectionString">
    <parameterEntry kind="XmlFile" scope="E:\\Borrar\\NTTHTML5_02222016\\obj\\Debug\\Package\\PackageTmp\\Web\.config$" match="/configuration/connectionStrings/add[@name='NTTDBConnectionString']/@connectionString" />
  </parameter>
  <parameter name="SSURGOSOILDB2014ConnectionString-Web.config Connection String" description="SSURGOSOILDB2014ConnectionString Connection String used in web.config by the application to access the database." defaultValue="Data Source=T-NN1\SQLEXPRESS;Initial Catalog=SSURGOSOILDB2014;Persist Security Info=True;User ID=sa;Password=pass$word" tags="SqlConnectionString">
    <parameterEntry kind="XmlFile" scope="E:\\Borrar\\NTTHTML5_02222016\\obj\\Debug\\Package\\PackageTmp\\Web\.config$" match="/configuration/connectionStrings/add[@name='SSURGOSOILDB2014ConnectionString']/@connectionString" />
  </parameter>
</parameters>